<?xml version="1.0" encoding="UTF-8" ?>
<!DOCTYPE mapper
	PUBLIC "-//mybatis.org//DTD Mapper 3.0//EN"
	"http://mybatis.org/dtd/mybatis-3-mapper.dtd">
 
<mapper namespace="AdminMapper">
	
	<select id="CateInsert" resultType="kr.co.koitt.subject.SubjectVO">
		insert into SUBJECT (subject_name) values (#{subject_name})
	</select>
	
	<delete id="CateDelete" parameterType="kr.co.koitt.subject.SubjectVO">
		delete from SUBJECT where subject_no = #{subject_no}
	</delete>
	
	<select id="BoardList" resultType="kr.co.koitt.board.BoardVO">
		select board_no, member_no, board_level, board_title
				, board_contents, board_date, board_hit, board_attachment
		from BOARD
	</select> 
	
	<insert id="BoardInsert" parameterType="kr.co.koitt.board.BoardVO">
		insert into BOARD(member_no
						, board_level
						, board_title
						, board_contents
						, board_date
						, board_attachment) 
		values(#{member_no}
					, #{board_level}
					, #{board_title}
					, #{board_contents}
					, now()
					, #{board_attachment})
		<selectKey resultType="String" keyProperty="board_no" order="AFTER">
            SELECT LAST_INSERT_ID()
        </selectKey>
	</insert>
	
</mapper>
