<?xml version="1.0" encoding="UTF-8" ?>
<!DOCTYPE mapper
	PUBLIC "-//mybatis.org//DTD Mapper 3.0//EN"
	"http://mybatis.org/dtd/mybatis-3-mapper.dtd">
 
<mapper namespace="TeacherMapper">

	<insert id="LectureInsert" parameterType="kr.co.koitt.teacher.TeacherVO">
			insert into LECTURE(member_no
								, subject_no
								, lecture_name
								, lecture_difficulty
								, lecture_period
								, lecture_book
								, lecture_introduction
								, lecture_date) 
			values(#{member_no}
				, #{subject_no}
				, #{lecture_name}
				, #{lecture_difficulty}
				, #{lecture_period}
				, #{lecture_book}
				, #{lecture_introduction}
				, now()) 
		<selectKey resultType="String" keyProperty="lecture_no" order="AFTER">
            SELECT LAST_INSERT_ID()
        </selectKey>
	</insert>
	
	<select id="LectureList" resultType="kr.co.koitt.teacher.TeacherVO">
		select lecture_no
				, member_no
				, subject_no
				, lecture_name
				, lecture_difficulty
				, lecture_period
				, lecture_book
				, lecture_introduction
				, lecture_date
		from LECTURE
	</select>
	
	<select id="LectureDetail" parameterType="kr.co.koitt.teacher.TeacherVO" resultType="kr.co.koitt.teacher.TeacherVO">
		select l.lecture_no
				, l.member_no
				, l.subject_no
				, l.lecture_name
				, l.lecture_difficulty
				, l.lecture_period
				, l.lecture_book
				, l.lecture_introduction
				, l.lecture_date
		from LECTURE l
		where l.lecture_no = #{lecture_no}
	</select>

</mapper>
