<?xml version="1.0" encoding="UTF-8" ?>
<!DOCTYPE mapper
	PUBLIC "-//mybatis.org//DTD Mapper 3.0//EN"
	"http://mybatis.org/dtd/mybatis-3-mapper.dtd">
 
<mapper namespace="CompanyMapper">

	<select id="CompanyList" resultType="kr.co.koitt.company.CompanyVO">
		select test_no, member_no, subject_no, question_count, test_date, test_time, question_examinee_count, test_request_etc
		from TEST_REQUEST
	</select> 
	
	<insert id="companyInsert" parameterType="kr.co.koitt.company.CompanyVO">
			insert into TEST_REQUEST(member_no
									, subject_no
									, question_count
									, test_date
									, test_time
									, question_examinee_count
									, test_request_etc)			
			values(#{member_no}
					, #{subject_no}
					, #{question_count}
					, #{test_date}
					, #{test_time}
					, #{question_examinee_count}
					, #{test_request_etc}) 
		<selectKey resultType="String" keyProperty="test_no" order="AFTER">
            SELECT LAST_INSERT_ID()
        </selectKey>
	</insert>
	
	<select id="companyDetail" parameterType="kr.co.koitt.company.CompanyVO" resultType="kr.co.koitt.company.CompanyVO">
		select  t.test_no, t.member_no, t.subject_no, t.question_count, t.test_date, t.test_time, t.question_examinee_count, t.test_request_etc
		from TEST_REQUEST t
		where t.test_no = #{test_no}
	</select> 
	
	<delete id="companyDelete" parameterType="kr.co.koitt.company.CompanyVO">
		delete from TEST_REQUEST where test_no = #{test_no}
	</delete>
	
	<update id="CompanyUpdate" parameterType="kr.co.koitt.company.CompanyVO">
		update TEST_REQUEST
		set test_no =  #{test_no}
<!-- 			, member_no = #{member_no} -->
			, subject_no = #{subject_no}
			, question_count = #{question_count}
			, test_date = #{test_date}
			, test_time = #{test_time}
			, question_examinee_count = #{question_examinee_count}
			, test_request_etc = #{test_request_etc}			
		where test_no = #{test_no}
	</update>
	
</mapper>
