<?xml version="1.0" encoding="UTF-8" ?>
<!DOCTYPE mapper
	PUBLIC "-//mybatis.org//DTD Mapper 3.0//EN"
	"http://mybatis.org/dtd/mybatis-3-mapper.dtd">
 
<mapper namespace="MypageMapper">

	
	<insert id="ApplyTeacher" parameterType="kr.co.koitt.mypage.MypageVO">
		insert into TEACHER (member_name
							<if test="teacher_image != null and teacher_image != ''">
							,teacher_image
							</if>
							<if test="teacher_education != null and teacher_education != ''">
							,teacher_education
							</if>
							,teacher_devel_career
							,teacher_lecture_career
							,teacher_bank
							,teacher_account_no
							,account_holder
							)
		values(#{member_name}
				<if test="teacher_image != null and teacher_image != ''">
				,#{teacher_image}
				</if>
				<if test="teacher_education != null and teacher_education != ''">
				,#{teacher_education}
				</if>
				,#{teacher_devel_career}
				,#{teacher_lecture_career}
				,#{teacher_bank}
				,#{teacher_account_no}
				,#{account_holder}
				)
	</insert>

</mapper>
