<?xml version="1.0" encoding="UTF-8" ?>
<!DOCTYPE mapper
	PUBLIC "-//mybatis.org//DTD Mapper 3.0//EN"
	"http://mybatis.org/dtd/mybatis-3-mapper.dtd">
 
<mapper namespace="QuestionMapper">
	 
	<select id="QuestionList" resultType="kr.co.koitt.question.QuestionVO">
		select question_no, subject_no, question, question_answer, question_explain
		from QUESTION
	</select> 
	
	<insert id="QuestionInsert" parameterType="kr.co.koitt.question.QuestionVO">
		insert into QUESTION(question_no, subject_no, question, question_answer, question_explain) 
		values( #{question_no} ,#{subject_no}, #{question}, #{question_answer}, #{question_explain}) 
		 <selectKey resultType="String" keyProperty="subject_no" order="AFTER">
            SELECT LAST_INSERT_ID()
        </selectKey>
	</insert>
	
	<select id="QuestionDetail" parameterType="kr.co.koitt.question.QuestionVO" resultType="kr.co.koitt.question.QuestionVO">
		select q.question_no, q.subject_no, q.question, q.question_answer, q.question_explain
		from QUESTION q
		where q.question_no = #{question_no}
	</select> 
	
	<delete id="QuestionDelete" parameterType="kr.co.koitt.question.QuestionVO">
		delete from QUESTION where question_no = #{question_no}
	</delete>
	
	<update id="QuestionUpdate" parameterType="kr.co.koitt.question.QuestionVO">
		update QUESTION
		set question_no = #{question_no}
			, question = replace(#{question})
			, question_explain = replace(#{question_explain})
		where question_no = #{question_no}
	</update>
	
</mapper>
