<?xml version="1.0" encoding="UTF-8" ?>
<!DOCTYPE mapper
	PUBLIC "-//mybatis.org//DTD Mapper 3.0//EN"
	"http://mybatis.org/dtd/mybatis-3-mapper.dtd">
 
<mapper namespace="AdminMapper">
	
	<select id="CateInsert" resultType="kr.co.koitt.subject.SubjectVO">
		insert into SUBJECT (subject_name) values (#{subject_name})
	</select>
	
	<delete id="CateDelete" parameterType="kr.co.koitt.subject.SubjectVO">
		delete from SUBJECT where subject_no = #{subject_no}
	</delete>
	
	<select id="BoardList" resultType="kr.co.koitt.board.BoardVO">
		select board_no, member_no, board_level, board_title
				, board_contents, board_date, board_hit, board_attachment
		from BOARD
	</select> 
	
	<insert id="BoardInsert" parameterType="kr.co.koitt.board.BoardVO">
		insert into BOARD(member_no
						, board_level
						, board_title
						, board_contents
						, board_date
						, board_attachment) 
		values(#{member_no}
					, #{board_level}
					, #{board_title}
					, #{board_contents}
					, now()
					, #{board_attachment})
		<selectKey resultType="String" keyProperty="board_no" order="AFTER">
            SELECT LAST_INSERT_ID()
        </selectKey>
	</insert>
	
	<select id="AdminLogin" parameterType="kr.co.koitt.admin.AdminVO" resultType="kr.co.koitt.admin.AdminVO">
		select admin_id
			,admin_pwd
		from ADMIN
		where ADMIN.admin_id=#{admin_id}
		and ADMIN.admin_pwd=#{admin_pwd}
	</select>
	
	<select id="SelectTeacher" resultType="kr.co.koitt.approval.ApprovalVO">
		select t.member_no, m.member_id
			,teacher_apply_date
		from TEACHER t, MEMBER m
		WHERE t.member_no = m.member_no
	</select>
	
	<select id="selectDetail" resultType="kr.co.koitt.approval.ApprovalVO">
		select teacher_devel_career
			,teacher_lecture_career
			,teacher_apply_date
		from TEACHER
	</select>
	
</mapper>
