<?xml version="1.0" encoding="UTF-8" ?>
<!DOCTYPE mapper
	PUBLIC "-//mybatis.org//DTD Mapper 3.0//EN"
	"http://mybatis.org/dtd/mybatis-3-mapper.dtd">
 
<mapper namespace="AdminMapper">
	
	<select id="CateInsert" resultType="kr.co.koitt.subject.SubjectVO">
		insert into SUBJECT (subject_name) values (#{subject_name})
	</select>
	
	<delete id="CateDelete" parameterType="kr.co.koitt.subject.SubjectVO">
		delete from SUBJECT where subject_no = #{subject_no}
	</delete>
	
	<select id="AdminLogin" parameterType="kr.co.koitt.admin.AdminVO" resultType="kr.co.koitt.admin.AdminVO">
		select admin_id
			,admin_pwd
		from ADMIN
		where ADMIN.admin_id=#{admin_id}
		and ADMIN.admin_pwd=#{admin_pwd}
	</select>
	
	<select id="SelectTeacher" resultType="kr.co.koitt.approval.ApprovalVO">
		select t.member_no, m.member_id
			,m.member_level
			,teacher_apply_date
		from TEACHER t, MEMBER m
		WHERE t.member_no = m.member_no
	</select>
	
	<select id="approval_detail" resultType="kr.co.koitt.approval.ApprovalVO">
		select member_no
			,teacher_devel_career
			,teacher_lecture_career
			,teacher_apply_date
		from TEACHER
		where member_no = #{member_no}
	</select>
	
	<update id="levelup" parameterType="kr.co.koitt.join.MemberVO">
		update MEMBER
		set member_level = 2		
		where member_no = #{member_no}
		and member_level = 1
	</update>
	
</mapper>
