<?xml version="1.0" encoding="UTF-8" ?>
<!DOCTYPE mapper
	PUBLIC "-//mybatis.org//DTD Mapper 3.0//EN"
	"http://mybatis.org/dtd/mybatis-3-mapper.dtd">
 
<mapper namespace="BoardMapper">
	
	<insert id="BoardInsert" parameterType="kr.co.koitt.board.BoardVO">
		insert into BOARD (member_no
						, board_title
						, board_contents
						, board_date) 
		values(#{member_no}
				, #{board_title}
				, #{board_contents}
				, now())
		<selectKey resultType="String" keyProperty="board_no" order="AFTER">
            SELECT LAST_INSERT_ID()
        </selectKey>
	</insert>
	
	<select id="BoardList" resultType="kr.co.koitt.board.BoardVO">
		select board_no
			, member_no
			, board_title
			, board_contents
			, board_date
		from BOARD
	</select> 
	
	<select id="BoardDetail" parameterType="kr.co.koitt.board.BoardVO" resultType="kr.co.koitt.board.BoardVO">
		select b.board_no
			, b.member_no
			, b.board_title
			, b.board_contents
			, b.board_date
		from BOARD b
		where b.board_no = #{board_no}
	</select>
	
	<delete id="BoardDelete" parameterType="kr.co.koitt.board.BoardVO">
		delete from BOARD
		where board_no=#{board_no}
	</delete>
	
</mapper>
