<?xml version="1.0" encoding="UTF-8" ?>
<!DOCTYPE mapper
	PUBLIC "-//mybatis.org//DTD Mapper 3.0//EN"
	"http://mybatis.org/dtd/mybatis-3-mapper.dtd">
 
<mapper namespace="CompanyMapper">

	<select id="CompanyList" resultType="kr.co.koitt.company.CompanyVO">
		select test_no
			 , member_no
			 , tr.subject_no
			 , s.subject_name
			 , question_count
			 , test_date
			 , test_time
			 , question_examinee_count
			 , test_request_etc
		from TEST_REQUEST tr, SUBJECT s
		where tr.subject_no = s.subject_no
	</select> 
	
	<insert id="companyInsert" parameterType="kr.co.koitt.company.CompanyVO">
			insert into TEST_REQUEST(member_no
									, subject_no
									, question_count
									, test_date
									, test_time
									, question_examinee_count
									, test_request_etc
									<if test="question_examinee_list != null and question_examinee_list != ''">
									, question_examinee_list
									</if>
									)			
			values(#{member_no}
					, #{subject_no}
					, #{question_count}
					, #{test_date}
					, #{test_time}
					, #{question_examinee_count}
					, #{test_request_etc}
					<if test="question_examinee_list != null and question_examinee_list != ''">
					, #{question_examinee_list}
					</if>
					) 
		<selectKey resultType="String" keyProperty="test_no" order="AFTER">
            SELECT LAST_INSERT_ID()
        </selectKey>
	</insert>
	
	<insert id="excelInsert" parameterType="java.util.ArrayList">
		insert into EXCEL_TEST( examinee_name
								, examinee_tel
								, examinee_email
								)
			values
			<foreach collection="list" item="vo" index="idx" open="" separator="," close="">
				(#{vo.examinee_name}
				, #{vo.examinee_tel}
				, #{vo.examinee_email}
				)
			</foreach>
	</insert>
	
	<select id="companyDetail" parameterType="kr.co.koitt.company.CompanyVO" resultType="kr.co.koitt.company.CompanyVO">
		select  t.test_no, t.member_no, t.subject_no, s.subject_name, t.question_count, t.test_date, t.test_time, t.question_examinee_count, t.test_request_etc
		from TEST_REQUEST t, SUBJECT s
		where t.test_no = #{test_no}
		and t.subject_no = s.subject_no;
	</select> 
	
	<delete id="companyDelete" parameterType="kr.co.koitt.company.CompanyVO">
		delete from TEST_REQUEST where test_no = #{test_no}
	</delete>
	
	<update id="CompanyUpdate" parameterType="kr.co.koitt.company.CompanyVO">
		update TEST_REQUEST
		set test_no =  #{test_no}
<!-- 			, member_no = #{member_no} -->
			, subject_no = #{subject_no}
			, question_count = #{question_count}
			, test_date = #{test_date}
			, test_time = #{test_time}
			, question_examinee_count = #{question_examinee_count}
			, test_request_etc = #{test_request_etc}			
		where test_no = #{test_no}
	</update>
	
</mapper>
