<?xml version="1.0" encoding="UTF-8" ?>
<!DOCTYPE mapper
	PUBLIC "-//mybatis.org//DTD Mapper 3.0//EN"
	"http://mybatis.org/dtd/mybatis-3-mapper.dtd">
 
<mapper namespace="ExamMapper">

	<select id="selectExam" parameterType="kr.co.koitt.question.QuestionVO" resultType="kr.co.koitt.question.ExampleVO">
<!-- 		select * -->
<!-- 	  	from TEST_QUESTION tq, QUESTION qe, EXAMINEE ex -->
<!-- 	  	where tq.test_no = #{test_no} -->
<!-- 	  	and tq.test_no = ex.test_no -->
<!-- 	  	and tq.question_no = qe.question_no; -->

<!-- 		select * -->
<!-- 	  	from TEST_QUESTION tq, QUESTION qe, EXAMINEE ex -->
<!-- 	  	where tq.test_no = ex.test_no -->
<!-- 	  	and tq.question_no = qe.question_no; -->
	  	
	    select *
	  	from TEST_QUESTION tq, QUESTION qe, EXAMINEE ex
	  	where tq.test_no = #{test_no}
	  	and tq.question_no = qe.question_no;
	</select>  
	
	<select id="exampleList" parameterType="kr.co.koitt.question.QuestionVO" resultType="kr.co.koitt.question.ExampleVO">
		SELECT ex.example_no
				, ex.question_no
				, ex.example_sequence
				, ex.example
		from EXAMPLE ex
		WHERE ex.question_no in
		<foreach collection="list" item="item" index="index" separator="," open="(" close=")">
			#{item.question_no}
		</foreach>
	</select>

	<select id="selectQuestion" parameterType="kr.co.koitt.exam.ExamVO" resultType="kr.co.koitt.question.QuestionVO">
	    select *
	  	from TEST_QUESTION tq, QUESTION qe, EXAMINEE ex
	  	where tq.test_no = #{test_no}
	  	and tq.question_no = qe.question_no
	</select>  

</mapper>
