<?xml version="1.0" encoding="UTF-8" ?>
<!DOCTYPE mapper
	PUBLIC "-//mybatis.org//DTD Mapper 3.0//EN"
	"http://mybatis.org/dtd/mybatis-3-mapper.dtd">
 
<mapper namespace="JoinMapper">

	<insert id="JoinInsert" parameterType="kr.co.koitt.join.MemberVO">
		insert into MEMBER (member_id
							,member_pwd
							,member_email
							,member_level
							,member_join_date)
		values(#{member_id}
				,#{member_pwd}
				,#{member_email}
				,#{member_level}
				,NOW())
		<selectKey resultType="String" keyProperty="member_no" order="AFTER">
            SELECT LAST_INSERT_ID()
        </selectKey>
	</insert>
	
	<select id="IdCheck" parameterType="java.lang.String" resultType="int">
		select count(*) 
		from MEMBER
		where member_id = #{member_id}
	</select>
	
	<insert id="CompanyJoin" parameterType="kr.co.koitt.join.MemberVO">
		insert into COMPANY (member_no
							,company_name
							,company_license_no)
		values(#{member_no}
				,#{company_name}
				,#{company_license_no})
	</insert>

</mapper>
