<?xml version="1.0" encoding="UTF-8" ?>
<!DOCTYPE mapper
	PUBLIC "-//mybatis.org//DTD Mapper 3.0//EN"
	"http://mybatis.org/dtd/mybatis-3-mapper.dtd">
 
<mapper namespace="LectureMapper">

	<insert id="LectureInsert" parameterType="kr.co.koitt.lecture.LectureVO">
			insert into LECTURE(member_no
								, subject_no
								, lecture_name
								, lecture_difficulty
								, lecture_period
								, lecture_introduction
								, lecture_date
								<if test="lecture_image_name != null and lecture_image_name != ''">
								, lecture_image_name
								</if>
								) 
			values(#{member_no}
				, #{subject_no}
				, #{lecture_name}
				, #{lecture_difficulty}
				, #{lecture_period}
				, #{lecture_introduction}
				, NOW()
				<if test="lecture_image_name != null and lecture_image_name != ''">
				, #{lecture_image_name}
				</if>
				) 
		<selectKey resultType="String" keyProperty="lecture_no" order="AFTER">
            SELECT LAST_INSERT_ID()
        </selectKey>
	</insert>
	
	<update id="FilePathUpdate" parameterType="kr.co.koitt.lecture.LectureVO">
		update LECTURE
		set lecture_image_name = #{lecture_image_name}
		where lecture_no = #{lecture_no}
	</update>
	
	<select id="LectureList" parameterType="kr.co.koitt.join.MemberVO"
							resultType="kr.co.koitt.lecture.LectureVO">
		select lecture_no
			, l.member_no, t.teacher_name
			, l.subject_no, s.subject_name
			, lecture_name
			, lecture_difficulty
			, lecture_period
			, lecture_introduction
			, lecture_date
			, lecture_image_name
		from LECTURE l, TEACHER t, SUBJECT s
		WHERE l.member_no = #{member_no}
		and l.member_no = t.member_no
		and l.subject_no = s.subject_no
	</select>
	
	<select id="LectureDetail" parameterType="kr.co.koitt.lecture.LectureVO" resultType="kr.co.koitt.lecture.LectureVO">
		select l.lecture_no
				, l.member_no, t.teacher_name
				, l.subject_no, s.subject_name
				, l.lecture_name
				, l.lecture_difficulty
				, l.lecture_period
				, l.lecture_introduction
				, l.lecture_date
				, lecture_image_name
				<if test="member_no != null and member_no != ''">
					, (select count(lecture_no) from APPLY_LECTURE
						where member_no = #{member_no}
						and lecture_no = #{lecture_no}) my_apply_yn
				</if>
		from LECTURE l, TEACHER t, SUBJECT s
		where l.member_no = t.member_no
		and l.subject_no = s.subject_no
		and l.lecture_no = #{lecture_no}
	</select>
	
	<update id="LectureUpdate" parameterType="kr.co.koitt.lecture.LectureVO">
		update LECTURE
		set lecture_no = #{lecture_no}
			, subject_no = #{subject_no}
			, lecture_name = #{lecture_name}
			, lecture_difficulty = #{lecture_difficulty}
			, lecture_period = #{lecture_period}
			, lecture_introduction = #{lecture_introduction}
			, lecture_date = #{lecture_date}
			<if test="lecture_image_name != null and lecture_image_name != ''">
			, lecture_image_name = #{lecture_image_name}
			</if>
		where lecture_no = #{lecture_no}
	</update>
	
	<delete id="LectureDelete" parameterType="kr.co.koitt.lecture.LectureVO">
		delete from LECTURE
		where lecture_no=#{lecture_no}
	</delete>

	<!-- ========================= chapter ========================= -->
	<select id="SelectDetail" parameterType="kr.co.koitt.lecture.LectureVO" resultType="kr.co.koitt.lecture.LectureVO">
		select lecture_no
		from LECTURE
		where lecture_no = #{lecture_no}
	</select>
	
	<insert id="ChapterInsert" parameterType="java.util.ArrayList">
		insert into CHAPTER(lecture_no
							, chapter_title
							, chapter_contents
							, chapter_date
							) 
		values
		<foreach collection="list" item="vo" index="idx" open="" separator="," close="">
			(#{vo.lecture_no}
			, #{vo.chapter_title}
			, #{vo.chapter_contents}
			, NOW()
			)
		</foreach>
		<selectKey resultType="String" keyProperty="chapter_no" order="AFTER">
            SELECT LAST_INSERT_ID()
        </selectKey>
	</insert>
	
	<select id="ChapterList" parameterType="kr.co.koitt.lecture.LectureVO" resultType="kr.co.koitt.lecture.ChapterVO">
		SELECT c.chapter_no
				, c.lecture_no
				, c.chapter_title
				, c.chapter_contents
		from CHAPTER c
		WHERE c.lecture_no = #{lecture_no}
	</select>
	
	<select id="ChapterDetail" parameterType="kr.co.koitt.lecture.ChapterVO" resultType="kr.co.koitt.lecture.ChapterVO">
		SELECT *
		from CHAPTER
		WHERE chapter_no = #{chapter_no}
	</select>
	
	<update id="ChapterUpdate" parameterType="kr.co.koitt.lecture.ChapterVO">
		update CHAPTER
		set chapter_no = #{chapter_no}
			, chapter_title = #{chapter_title}
			, chapter_contents = #{chapter_contents}
		WHERE chapter_no = #{chapter_no}
	</update>
	
	<delete id="ChapterDelete" parameterType="kr.co.koitt.lecture.ChapterVO">
		delete from CHAPTER
		where chapter_no = #{chapter_no}
	</delete>
	
</mapper>
