<?xml version="1.0" encoding="UTF-8" ?>
<!DOCTYPE mapper
	PUBLIC "-//mybatis.org//DTD Mapper 3.0//EN"
	"http://mybatis.org/dtd/mybatis-3-mapper.dtd">
 
<mapper namespace="MainLectureMapper">
	
	<select id="LectureList" parameterType="kr.co.koitt.util.SearchVO" 
							resultType="kr.co.koitt.lecture.LectureVO">
		select lecture_no
			, member_no, teacher_name
			, subject_no, subject_name
			, lecture_name
			, lecture_difficulty
			, lecture_period
			, lecture_introduction
			, lecture_date
			, lecture_image_name
		from(
			select lecture_no
				, member_no, teacher_name
				, subject_no, subject_name
				, lecture_name
				, lecture_difficulty
				, lecture_period
				, lecture_introduction
				, lecture_date
				, lecture_image_name
				, @no:=@no+1 as rn
			from (select lecture_no
					, l.member_no, t.teacher_name
					, l.subject_no, s.subject_name
					, lecture_name
					, lecture_difficulty
					, lecture_period
					, lecture_introduction
					, lecture_date
					, lecture_image_name
					from LECTURE l, TEACHER t, SUBJECT s, (Select @no:=0)no 
					WHERE l.member_no = t.member_no
					and l.subject_no = s.subject_no
					<if test="search_word != null and search_word != ''">
						and (lecture_name like concat('%',#{search_word},'%')
						or subject_name like concat('%',#{search_word},'%')
						or l.subject_no like concat('%',#{search_word},'%')
						or lecture_difficulty like concat('%',#{search_word},'%')
						)
					</if>
					order by lecture_no desc
				) origin
		) final
		where rn between #{listStartNo} and #{listEndNo}
	</select>
	
	<select id="listCnt" parameterType="kr.co.koitt.util.SearchVO" 
						resultType="int">
		select count(lecture_no) totalCnt
		from LECTURE l, SUBJECT s
		where l.subject_no = s.subject_no
		<if test="search_word != null and search_word != ''">
			and (lecture_name like concat('%',#{search_word},'%')
			or subject_name like concat('%',#{search_word},'%')
			or l.subject_no like concat('%',#{search_word},'%')
			or lecture_difficulty like concat('%',#{search_word},'%')
			)
		</if>
	</select>
	
</mapper>
