<?xml version="1.0" encoding="UTF-8" ?>
<!DOCTYPE mapper
	PUBLIC "-//mybatis.org//DTD Mapper 3.0//EN"
	"http://mybatis.org/dtd/mybatis-3-mapper.dtd">
 
<mapper namespace="MypageMapper">

	
	<insert id="ApplyTeacher" parameterType="kr.co.koitt.mypage.MypageVO">
		insert into TEACHER (member_no
							,teacher_name
							,teacher_image_name
							,teacher_education_name
							,teacher_devel_career
							,teacher_lecture_career
							,teacher_apply_date
							)
		values(#{member_no}
				,#{teacher_name}
				,#{teacher_image_name}
				,#{teacher_education_name}
				,#{teacher_devel_career}
				,#{teacher_lecture_career}
				,now()
				)
	</insert>
	
	<select id="TeacherApplyList" resultType="kr.co.koitt.mypage.MypageVO">
		select member_no
			,teacher_devel_career
			,teacher_lecture_career
			,teacher_apply_date
		from TEACHER
	</select>
	
	<!-- ======================= 수강신청 ======================= -->
	<insert id="ApplyLeture" parameterType="kr.co.koitt.mypage.ApplyLectureVO">
			insert into APPLY_LECTURE(member_no
								, lecture_no
								, apply_lecture_date
								) 
			values(#{member_no}
				, #{lecture_no}
				, NOW()
				) 
		<selectKey resultType="String" keyProperty="apply_lecture_no" order="AFTER">
            SELECT LAST_INSERT_ID()
        </selectKey>
	</insert>
	
	<select id="MyLectureList" parameterType="kr.co.koitt.join.MemberVO" 
							resultType="kr.co.koitt.mypage.ApplyLectureVO">
		select a.apply_lecture_no
			, a.member_no
			, a.lecture_no, l.lecture_name, l.lecture_period
			, t.teacher_name
			, apply_lecture_date
		from APPLY_LECTURE a, LECTURE l, TEACHER t
		where a.member_no = #{member_no}
		and a.lecture_no = l.lecture_no
		and l.member_no = t.member_no
	</select>
	
	<delete id="ApplyDelete" parameterType="kr.co.koitt.mypage.ApplyLectureVO">
		delete from APPLY_LECTURE
		where apply_lecture_no=#{apply_lecture_no}
	</delete>

</mapper>
