<?xml version="1.0" encoding="UTF-8" ?>
<!DOCTYPE mapper
	PUBLIC "-//mybatis.org//DTD Mapper 3.0//EN"
	"http://mybatis.org/dtd/mybatis-3-mapper.dtd">
 
<mapper namespace="QuestionMapper">
	 
	<select id="QuestionList" resultType="kr.co.koitt.question.QuestionVO">
		select q. question_no
			, q.member_no, t.teacher_name
			 , q.subject_no, s.subject_name
			 , question
			 , question_answer
			 , question_explain
		from QUESTION q , SUBJECT s, TEACHER t
		where q.subject_no = s.subject_no
		and q.member_no = t.member_no
	</select> 

	<insert id="QuestionInsert" parameterType="kr.co.koitt.question.QuestionVO">	  
			insert into QUESTION (subject_no,question,question_answer,question_explain)
			values ( #{subject_no}
					, #{question}
					, #{question_answer}
					, #{question_explain}
					)
        <selectKey resultType="String" keyProperty="question_no" order="AFTER">
            SELECT LAST_INSERT_ID()
        </selectKey>
	</insert>

	<insert id="ExampleInsert" parameterType="java.util.ArrayList">	  
		insert into EXAMPLE (question_no,example_sequence,example) values
        <foreach collection="list" item="vo" index="idx" open="" separator="," close="">
			(
				#{vo.question_no}
				, #{vo.example_sequence}
				, #{vo.example}
			)
		</foreach>
	</insert>
	
	<select id="QuestionDetail" parameterType="kr.co.koitt.question.QuestionVO" resultType="kr.co.koitt.question.QuestionVO">
		select q.question_no, q.subject_no, q.question, q.question_answer, q.question_explain, s.subject_name
		from QUESTION q, SUBJECT s
		where q.question_no = #{question_no}
		and q.subject_no = s.subject_no
	</select> 
	
	<delete id="QuestionDelete" parameterType="kr.co.koitt.question.QuestionVO">
		delete from QUESTION where question_no = #{question_no}
	</delete>
	
	<update id="QuestionUpdate" parameterType="kr.co.koitt.question.QuestionVO">
		update QUESTION
		set question_no = #{question_no}
			, question = #{question}
			, question_explain = #{question_explain}
		where question_no = #{question_no}
	</update>
	
</mapper>
