<?xml version="1.0" encoding="UTF-8" ?>
<!DOCTYPE mapper
	PUBLIC "-//mybatis.org//DTD Mapper 3.0//EN"
	"http://mybatis.org/dtd/mybatis-3-mapper.dtd">
 
<mapper namespace="LectureMapper">

	<insert id="LectureInsert" parameterType="kr.co.koitt.lecture.LectureVO">
			insert into LECTURE(member_no
								, subject_no
								, lecture_name
								, lecture_difficulty
								, lecture_period
								, lecture_introduction
								, lecture_date
								<if test="lecture_image_name != null and lecture_image_name != ''">
								, lecture_image_name
								</if>
								) 
			values(#{member_no}
				, #{subject_no}
				, #{lecture_name}
				, #{lecture_difficulty}
				, #{lecture_period}
				, #{lecture_introduction}
				, now()
				<if test="lecture_image_name != null and lecture_image_name != ''">
				, #{lecture_image_name}
				</if>
				) 
		<selectKey resultType="String" keyProperty="lecture_no" order="AFTER">
            SELECT LAST_INSERT_ID()
        </selectKey>
	</insert>
	
	<select id="LectureList" resultType="kr.co.koitt.lecture.LectureVO">
		select lecture_no
			, l.member_no, t.teacher_name
			, l.subject_no, s.subject_name
			, lecture_name
			, lecture_difficulty
			, lecture_period
			, lecture_introduction
			, lecture_date
			, lecture_image_name
		from LECTURE l, TEACHER t, SUBJECT s
		WHERE l.member_no = t.member_no
		and l.subject_no = s.subject_no
	</select>
	
	<select id="LectureDetail" parameterType="kr.co.koitt.lecture.LectureVO" resultType="kr.co.koitt.lecture.LectureVO">
		select l.lecture_no
				, l.member_no
				, l.subject_no
				, l.lecture_name
				, l.lecture_difficulty
				, l.lecture_period
				, l.lecture_introduction
				, l.lecture_date
		from LECTURE l
		where l.lecture_no = #{lecture_no}
	</select>
	
	<update id="LectureUpdate" parameterType="kr.co.koitt.lecture.LectureVO">
		update LECTURE
		set lecture_no = #{lecture_no}
			, subject_no = #{subject_no}
			, lecture_name = #{lecture_name}
			, lecture_difficulty = #{lecture_difficulty}
			, lecture_period = #{lecture_period}
			, lecture_introduction = #{lecture_introduction}
			, lecture_date = #{lecture_date}
		where lecture_no = #{lecture_no}
	</update>
	
	<delete id="LectureDelete" parameterType="kr.co.koitt.lecture.LectureVO">
		delete from LECTURE
		where lecture_no=#{lecture_no}
	</delete>

</mapper>
