<?xml version="1.0" encoding="UTF-8"?>
<!DOCTYPE configuration
	PUBLIC "-//mybatis.org//DTD Config 3.0//EN"
	"http://mybatis.org/dtd/mybatis-3-config.dtd">

<configuration>
	
	<mappers>
		<mapper resource="META-INF/mybatis-mapper.xml" />
		<mapper resource="META-INF/lecture-mapper.xml" />
		<mapper resource="META-INF/subject-mapper.xml" />
		<mapper resource="META-INF/question-mapper.xml" /> 
		<mapper resource="META-INF/join-mapper.xml" />
		<mapper resource="META-INF/login-mapper.xml" />
		<mapper resource="META-INF/mypage-mapper.xml" />
		<mapper resource="META-INF/company-mapper.xml" />
		<mapper resource="META-INF/admin-mapper.xml" />
		<mapper resource="META-INF/exam-mapper.xml" />
		<mapper resource="META-INF/mainlecture-mapper.xml" />
	</mappers>

</configuration>
