<?xml version="1.0" encoding="UTF-8"?>
<!DOCTYPE configuration
	PUBLIC "-//mybatis.org//DTD Config 3.0//EN"
	"http://mybatis.org/dtd/mybatis-3-config.dtd">

<configuration>
	
	<mappers>
	<mapper resource="META-INF/mybatis-mapper.xml" />
<!-- 		<mapper resource="META-INF/board1-mapper.xml" /> -->
<!-- 		<mapper resource="META-INF/member-mapper.xml" /> -->
<!-- 		<mapper resource="META-INF/fillselect-mapper.xml" /> -->
<!-- 		<mapper resource="META-INF/dynamicsql-mapper.xml" /> -->
<!-- 		<mapper resource="META-INF/TX-mapper.xml" /> -->
		<mapper resource="META-INF/lecture-mapper.xml" />
	</mappers>

</configuration>
